{"cameraMode":{"drawMode":0,"name":"Shaded","section":"Shading Mode"},"sceneLighting":false,"audioPlay":false,"sceneViewState":{"showFog":true,"showMaterialUpdate":false,"showSkybox":false,"showFlares":true,"showImageEffects":true,"showParticleSystems":true},"in2DMode":false,"pivot":{"x":4.849999904632568,"y":0.8500000238418579,"z":-0.8100000023841858},"rotation":{"x":0.06737684458494187,"y":0.9319502115249634,"z":-0.23282061517238618,"w":0.26970404386520388},"size":1.2433981895446778,"orthographic":false}