{"cameraMode":{"drawMode":0,"name":"Shaded","section":"Shading Mode"},"sceneLighting":true,"audioPlay":false,"sceneViewState":{"showFog":true,"showMaterialUpdate":false,"showSkybox":true,"showFlares":true,"showImageEffects":true,"showParticleSystems":true},"in2DMode":false,"pivot":{"x":5.362868785858154,"y":0.4222041368484497,"z":-0.9171545505523682},"rotation":{"x":-0.10566290467977524,"y":-0.8878837823867798,"z":0.3684060275554657,"w":-0.2546324133872986},"size":1.1926050186157227,"orthographic":false}