{"cameraMode":{"drawMode":0,"name":"Shaded","section":"Shading Mode"},"sceneLighting":false,"audioPlay":false,"sceneViewState":{"showFog":true,"showMaterialUpdate":false,"showSkybox":false,"showFlares":true,"showImageEffects":true,"showParticleSystems":true},"in2DMode":false,"pivot":{"x":9.0,"y":0.9923151731491089,"z":-0.8102611303329468},"rotation":{"x":0.06929820775985718,"y":0.9103979468345642,"z":-0.17019452154636384,"w":0.3707188367843628},"size":1.4578120708465577,"orthographic":false}